F,1510560637892,F,1510560638033
I,1510560638408,I,1510560638517
R,1510560638767,R,1510560638861
E,1510560638955,E,1510560639080
G,1510560690111,G,1510560690221
E,1510560690533,E,1510560691155
R,1510560691202,R,1510560691265
A,1510560691577,A,1510560691702
T,1510560691827,T,1510560691890
J,1510560808135,J,1510560808229
O,1510560808663,O,1510560808728
G,1510560809853,G,1510560810072
D,1510560917700,D,1510560917762
E,1510560918262,E,1510560918309
A,1510560918496,A,1510560918621
R,1510560918653,R,1510560918715
H,1510568319498,H,1510568320245
E,1510568320250,E,1510568320256
L,1510568320263,L,1510568320330
L,1510568320397,L,1510568320465
O,1510568320589,O,1510568320645
P,1510572574129,P,1510572574893
R,1510572574911,R,1510572575672
O,1510572575690,O,1510572575708
J,1510572800544,H,1510572801307,J,1510572801328
S,1510572801348,D,1510572801368,H,1510572801386
U,1510572801403,D,1510572801419
U,1510572801435
S,1510572801451
H,1510572801467,F,1510572801483,H,1510572801498
D,1510572801515,U,1510572801531,F,1510572801547
H,1510572801564,U,1510572801580
D,1510572801594
F,1510572801606,H,1510572801619
D,1510572801632,F,1510572801645
H,1510572801804,D,1510572801838
H,1510572801857
D,1510572802123,U,1510572802167,U,1510572802232
H,1510572802264,F,1510572802285,D,1510572802320
H,1510572802337
F,1510572802371
M,1511783402124,M,1511783402897
A,1511783403111,A,1511783403690
R,1511783403707,R,1511783403726
T,1511783403745,T,1511783403764
H,1511783404179,H,1511783404561
A,1511783404580,A,1511783404598
Space,1511783405699,Space,1511783406140
M,1511783406158,M,1511783406177
O,1511783406670,O,1511783406967
H,1511783406985,H,1511783407002
L,1511783407207,L,1511783407783
A,1511783407801,L,1511783407818,A,1511783407836
L,1511783407854
A,1511783407872,A,1511783407886
H,1511783625503,H,1511783626272
E,1511783627755,E,1511783628127
L,1511783628891,L,1511783628909
L,1511783628922,L,1511783628936
O,1511783628950,O,1511783628964
H,1511783663536,H,1511783665932
E,1511783665951,E,1511783665968
L,1511783665981,L,1511783665997
L,1511783666010,L,1511783666025
O,1511783666036,O,1511783666050
H,1511783741879,H,1511783742638
E,1511783742657,E,1511783742678
L,1511783742700,L,1511783742715
L,1511783742729,L,1511783742748
O,1511783742764,O,1511783742808
H,1511783930352,H,1511783931114
E,1511783931136,E,1511783931155
L,1511783931489,L,1511783931548
L,1511783931627,L,1511783931699
O,1511783931820,O,1511783931892
B,1511783938365,B,1511783938384,B,1511783938491
B,1511783938510
F,1511783942726,F,1511783942741,F,1511783942758,F,1511783942822
F,1511783942843
F,1511783942862
R,1511783942926,R,1511783942945,R,1511783942963,R,1511783943052
R,1511783943072
R,1511783943092
H,1511784465608,H,1511784466371
E,1511784466390,E,1511784466405
L,1511784466446,L,1511784466504
L,1511784467374,L,1511784467451
O,1511784468040,O,1511784468408
H,1511784509051,H,1511784509816
E,1511784509836,E,1511784509856
L,1511784509875,L,1511784509893
L,1511784509908,L,1511784509922
O,1511784509936,O,1511784509984
H,1511784555143,H,1511784555909
E,1511784555929,E,1511784555949
L,1511784555968,L,1511784555988
L,1511784556008,L,1511784556027
O,1511784556042,O,1511784556056
H,1511785108709,H,1511785109471
E,1511785109491,E,1511785109511
L,1511785109531,L,1511785109546
L,1511785109562,L,1511785109582
O,1511785109646,O,1511785109712
H,1511786817212,H,1511786817978
E,1511786817997,E,1511786818017
L,1511786818037,L,1511786818056
L,1511786818076,L,1511786818095
O,1511786818155,O,1511786818231
H,1511787154430,H,1511787155196
E,1511787155217,E,1511787155236
L,1511787155252,L,1511787155269
L,1511787155285,L,1511787155302
O,1511787155318,O,1511787155334
H,1511789839196,H,1511789842025
E,1511789842047,E,1511789842069
L,1511789842837,L,1511789842859
L,1511789842880,L,1511789842905
O,1511789842930,O,1511789842955
H,1511789933814,H,1511789934992
E,1511789935018,E,1511789935037
L,1511789935476,L,1511789935548
L,1511789935626,L,1511789935717
O,1511789935815,O,1511789935897
F,1511790080455,F,1511790081221
G,1511790081990,G,1511790082014
H,1511790082039,H,1511790082061
U,1511790082086,U,1511790082108
Y,1511790082133,F,1511790082155,F,1511790082180
Y,1511790082202
Y,1511790082228,F,1511790082251,Y,1511790082274
Y,1511790082291,F,1511790082314
Y,1511790082337
H,1511790334946,H,1511790335721
E,1511790335744,E,1511790335766
N,1511790335789,N,1511790335812
J,1511790335833,S,1511790335851,J,1511790335867
F,1511790335885,S,1511790335899
J,1511790335946,D,1511790335960,F,1511790335973
J,1511790336115
D,1511790336139
H,1511790336163,F,1511790336179,D,1511790336254,H,1511790336282
F,1511790336305
D,1511790336395
T,1511790338861,T,1511790338963
